timeStamp,elapsed,label,responseCode,responseMessage,threadName,dataType,success,failureMessage,bytes,sentBytes,grpThreads,allThreads,URL,Latency,IdleTime,Connect
1708766168431,199,HTTP Request GET SINGLE USER,200,OK,workLoadConfig 1-1,text,true,,1182,96,4,4,https://reqres.in/api/users/2,199,0,127
1708766168511,139,HTTP Request GET SINGLE USER,200,OK,workLoadConfig 1-2,text,true,,1182,96,5,5,https://reqres.in/api/users/2,139,0,70
1708766168537,147,HTTP Request GET SINGLE USER,200,OK,workLoadConfig 1-3,text,true,,1182,96,5,5,https://reqres.in/api/users/2,147,0,80
1708766168599,136,HTTP Request GET SINGLE USER,200,OK,workLoadConfig 1-4,text,true,,1182,96,6,6,https://reqres.in/api/users/2,136,0,62
1708766168654,148,HTTP Request GET SINGLE USER,200,OK,workLoadConfig 1-5,text,true,,1182,96,8,8,https://reqres.in/api/users/2,148,0,66
1708766168702,138,HTTP Request GET SINGLE USER,200,OK,workLoadConfig 1-6,text,true,,1182,96,8,8,https://reqres.in/api/users/2,138,0,62
1708766168752,162,HTTP Request GET SINGLE USER,200,OK,workLoadConfig 1-7,text,true,,1182,96,10,10,https://reqres.in/api/users/2,162,0,91
1708766168796,145,HTTP Request GET SINGLE USER,200,OK,workLoadConfig 1-8,text,true,,1182,96,10,10,https://reqres.in/api/users/2,145,0,74
1708766168845,169,HTTP Request GET SINGLE USER,200,OK,workLoadConfig 1-9,text,true,,1182,96,12,12,https://reqres.in/api/users/2,169,0,99
1708766168643,406,HTTP Request POST,201,Created,workLoadConfig 1-1,text,true,,892,189,13,13,https://reqres.in/api/users,406,0,0
1708766168896,159,HTTP Request GET SINGLE USER,200,OK,workLoadConfig 1-10,text,true,,1182,96,13,13,https://reqres.in/api/users/2,159,0,79
1708766168653,422,HTTP Request POST,201,Created,workLoadConfig 1-2,text,true,,893,189,12,12,https://reqres.in/api/users,422,0,0
1708766168684,430,HTTP Request POST,201,Created,workLoadConfig 1-3,text,true,,893,189,12,12,https://reqres.in/api/users,430,0,0
1708766168946,170,HTTP Request GET SINGLE USER,200,OK,workLoadConfig 1-11,text,true,,1182,96,11,11,https://reqres.in/api/users/2,170,0,79
1708766168736,412,HTTP Request POST,201,Created,workLoadConfig 1-4,text,true,,892,189,12,12,https://reqres.in/api/users,412,0,0
1708766168997,205,HTTP Request GET SINGLE USER,200,OK,workLoadConfig 1-12,text,true,,1182,96,12,12,https://reqres.in/api/users/2,205,0,129
1708766168802,407,HTTP Request POST,201,Created,workLoadConfig 1-5,text,true,,893,189,12,12,https://reqres.in/api/users,407,0,0
1708766169097,138,HTTP Request GET SINGLE USER,200,OK,workLoadConfig 1-14,text,true,,1182,96,11,11,https://reqres.in/api/users/2,138,0,76
1708766169046,201,HTTP Request GET SINGLE USER,200,OK,workLoadConfig 1-13,text,true,,1182,96,11,11,https://reqres.in/api/users/2,201,0,113
1708766168841,436,HTTP Request POST,201,Created,workLoadConfig 1-6,text,true,,893,189,12,12,https://reqres.in/api/users,436,0,0
1708766168915,418,HTTP Request POST,201,Created,workLoadConfig 1-7,text,true,,893,189,12,12,https://reqres.in/api/users,418,0,0
1708766169148,188,HTTP Request GET SINGLE USER,200,OK,workLoadConfig 1-15,text,true,,1182,96,11,11,https://reqres.in/api/users/2,187,0,93
1708766168942,396,HTTP Request POST,201,Created,workLoadConfig 1-8,text,true,,893,189,11,11,https://reqres.in/api/users,396,0,0
1708766169199,189,HTTP Request GET SINGLE USER,200,OK,workLoadConfig 1-16,text,true,,1182,96,11,11,https://reqres.in/api/users/2,189,0,93
1708766169252,174,HTTP Request GET SINGLE USER,200,OK,workLoadConfig 1-17,text,true,,1182,96,12,12,https://reqres.in/api/users/2,174,0,97
1708766169301,177,HTTP Request GET SINGLE USER,200,OK,workLoadConfig 1-18,text,true,,1182,96,13,13,https://reqres.in/api/users/2,177,0,105
1708766169056,428,HTTP Request POST,201,Created,workLoadConfig 1-10,text,true,,893,189,13,13,https://reqres.in/api/users,428,0,0
1708766169015,492,HTTP Request POST,201,Created,workLoadConfig 1-9,text,true,,893,189,13,13,https://reqres.in/api/users,492,0,0
1708766169117,407,HTTP Request POST,201,Created,workLoadConfig 1-11,text,true,,893,189,12,12,https://reqres.in/api/users,407,0,0
1708766169350,181,HTTP Request GET SINGLE USER,200,OK,workLoadConfig 1-19,text,true,,1182,96,12,12,https://reqres.in/api/users/2,181,0,93
1708766169400,185,HTTP Request GET SINGLE USER,200,OK,workLoadConfig 1-20,text,true,,1182,96,13,13,https://reqres.in/api/users/2,185,0,114
1708766169203,401,HTTP Request POST,201,Created,workLoadConfig 1-12,text,true,,893,189,13,13,https://reqres.in/api/users,401,0,0
1708766169450,178,HTTP Request GET SINGLE USER,200,OK,workLoadConfig 1-21,text,true,,1182,96,12,12,https://reqres.in/api/users/2,178,0,85
1708766169248,409,HTTP Request POST,201,Created,workLoadConfig 1-13,text,true,,897,189,13,13,https://reqres.in/api/users,409,0,0
1708766169236,424,HTTP Request POST,201,Created,workLoadConfig 1-14,text,true,,897,189,12,12,https://reqres.in/api/users,424,0,0
1708766169499,163,HTTP Request GET SINGLE USER,200,OK,workLoadConfig 1-22,text,true,,1182,96,11,11,https://reqres.in/api/users/2,163,0,81
1708766169549,146,HTTP Request GET SINGLE USER,200,OK,workLoadConfig 1-23,text,true,,1182,96,11,11,https://reqres.in/api/users/2,146,0,75
1708766169336,422,HTTP Request POST,201,Created,workLoadConfig 1-15,text,true,,897,189,13,13,https://reqres.in/api/users,422,0,0
1708766169582,184,HTTP Request GET SINGLE USER,200,OK,workLoadConfig 1-24,text,true,,1182,96,12,12,https://reqres.in/api/users/2,184,0,86
1708766169649,159,HTTP Request GET SINGLE USER,200,OK,workLoadConfig 1-25,text,true,,1182,96,13,13,https://reqres.in/api/users/2,159,0,85
1708766169389,440,HTTP Request POST,201,Created,workLoadConfig 1-16,text,true,,897,189,13,13,https://reqres.in/api/users,440,0,0
1708766169698,141,HTTP Request GET SINGLE USER,200,OK,workLoadConfig 1-26,text,true,,1182,96,12,12,https://reqres.in/api/users/2,141,0,77
1708766169426,421,HTTP Request POST,201,Created,workLoadConfig 1-17,text,true,,897,189,12,12,https://reqres.in/api/users,421,0,0
1708766169478,413,HTTP Request POST,201,Created,workLoadConfig 1-18,text,true,,897,189,12,12,https://reqres.in/api/users,413,0,0
1708766169749,163,HTTP Request GET SINGLE USER,200,OK,workLoadConfig 1-27,text,true,,1182,96,12,12,https://reqres.in/api/users/2,163,0,94
1708766169799,164,HTTP Request GET SINGLE USER,200,OK,workLoadConfig 1-28,text,true,,1182,96,13,13,https://reqres.in/api/users/2,164,0,86
1708766169585,403,HTTP Request POST,201,Created,workLoadConfig 1-20,text,true,,897,189,13,13,https://reqres.in/api/users,403,0,0
1708766169584,434,HTTP Request POST,201,Created,workLoadConfig 1-19,text,true,,897,189,13,13,https://reqres.in/api/users,434,0,0
1708766169840,400,HTTP Request POST,201,Created,workLoadConfig 1-26,text,true,,897,189,16,16,https://reqres.in/api/users,400,0,0
1708766169767,429,HTTP Request POST,201,Created,workLoadConfig 1-24,text,true,,897,189,15,15,https://reqres.in/api/users,429,0,0
1708766170001,142,HTTP Request GET SINGLE USER,200,OK,workLoadConfig 1-32,text,true,,1182,96,14,14,https://reqres.in/api/users/2,142,0,80
1708766169809,415,HTTP Request POST,201,Created,workLoadConfig 1-25,text,true,,897,189,16,16,https://reqres.in/api/users,415,0,0
1708766169696,420,HTTP Request POST,201,Created,workLoadConfig 1-23,text,true,,897,189,14,14,https://reqres.in/api/users,420,0,0
1708766169949,141,HTTP Request GET SINGLE USER,200,OK,workLoadConfig 1-31,text,true,,1182,96,13,13,https://reqres.in/api/users/2,141,0,72
1708766169663,427,HTTP Request POST,201,Created,workLoadConfig 1-22,text,true,,897,189,13,13,https://reqres.in/api/users,427,0,0
1708766169899,166,HTTP Request GET SINGLE USER,200,OK,workLoadConfig 1-30,text,true,,1182,96,13,13,https://reqres.in/api/users/2,166,0,83
1708766169849,200,HTTP Request GET SINGLE USER,200,OK,workLoadConfig 1-29,text,true,,1182,96,12,12,https://reqres.in/api/users/2,200,0,128
1708766169629,403,HTTP Request POST,201,Created,workLoadConfig 1-21,text,true,,897,189,12,12,https://reqres.in/api/users,403,0,0
1708766170153,175,HTTP Request GET SINGLE USER,200,OK,workLoadConfig 1-35,text,true,,1182,96,12,12,https://reqres.in/api/users/2,175,0,81
1708766169913,421,HTTP Request POST,201,Created,workLoadConfig 1-27,text,true,,897,189,12,12,https://reqres.in/api/users,421,0,0
1708766169964,407,HTTP Request POST,201,Created,workLoadConfig 1-28,text,true,,897,189,12,12,https://reqres.in/api/users,407,0,0
1708766170204,219,HTTP Request GET SINGLE USER,200,OK,workLoadConfig 1-36,text,true,,1182,96,12,12,https://reqres.in/api/users/2,219,0,89
1708766170051,435,HTTP Request GET SINGLE USER,200,OK,workLoadConfig 1-33,text,true,,1182,96,13,13,https://reqres.in/api/users/2,435,0,385
1708766170378,184,HTTP Request GET SINGLE USER,200,OK,workLoadConfig 1-40,text,true,,1182,96,15,15,https://reqres.in/api/users/2,184,0,113
1708766170429,178,HTTP Request GET SINGLE USER,200,OK,workLoadConfig 1-41,text,true,,1182,96,16,16,https://reqres.in/api/users/2,178,0,108
1708766170304,243,HTTP Request GET SINGLE USER,200,OK,workLoadConfig 1-38,text,true,,1182,96,14,14,https://reqres.in/api/users/2,243,0,175
1708766170355,177,HTTP Request GET SINGLE USER,200,OK,workLoadConfig 1-39,text,true,,1182,96,14,14,https://reqres.in/api/users/2,177,0,100
1708766170101,432,HTTP Request GET SINGLE USER,200,OK,workLoadConfig 1-34,text,true,,1182,96,14,14,https://reqres.in/api/users/2,432,0,392
1708766170253,253,HTTP Request GET SINGLE USER,200,OK,workLoadConfig 1-37,text,true,,1182,96,14,14,https://reqres.in/api/users/2,253,0,171
1708766170505,157,HTTP Request GET SINGLE USER,200,OK,workLoadConfig 1-42,text,true,,1182,96,17,17,https://reqres.in/api/users/2,157,0,86
1708766170555,125,HTTP Request GET SINGLE USER,200,OK,workLoadConfig 1-43,text,true,,1182,96,17,17,https://reqres.in/api/users/2,125,0,71
1708766170606,143,HTTP Request GET SINGLE USER,200,OK,workLoadConfig 1-44,text,true,,1182,96,18,18,https://reqres.in/api/users/2,143,0,65
1708766170295,486,HTTP Request POST,201,Created,workLoadConfig 1-30,text,true,,905,189,19,19,https://reqres.in/api/users,486,0,0
1708766170291,492,HTTP Request POST,201,Created,workLoadConfig 1-32,text,true,,905,189,18,18,https://reqres.in/api/users,492,0,0
1708766170329,456,HTTP Request POST,201,Created,workLoadConfig 1-35,text,true,,905,189,17,17,https://reqres.in/api/users,456,0,0
1708766170295,494,HTTP Request POST,201,Created,workLoadConfig 1-29,text,true,,904,189,16,16,https://reqres.in/api/users,494,0,0
1708766170293,496,HTTP Request POST,201,Created,workLoadConfig 1-31,text,true,,905,189,15,15,https://reqres.in/api/users,496,0,0
1708766170656,164,HTTP Request GET SINGLE USER,200,OK,workLoadConfig 1-45,text,true,,1182,96,15,15,https://reqres.in/api/users/2,164,0,86
1708766170706,151,HTTP Request GET SINGLE USER,200,OK,workLoadConfig 1-46,text,true,,1182,96,15,15,https://reqres.in/api/users/2,151,0,73
1708766170424,445,HTTP Request POST,201,Created,workLoadConfig 1-36,text,true,,905,189,15,15,https://reqres.in/api/users,445,0,0
1708766170487,408,HTTP Request POST,201,Created,workLoadConfig 1-33,text,true,,905,189,15,15,https://reqres.in/api/users,408,0,0
1708766170757,155,HTTP Request GET SINGLE USER,200,OK,workLoadConfig 1-47,text,true,,1182,96,14,14,https://reqres.in/api/users/2,155,0,74
1708766170806,151,HTTP Request GET SINGLE USER,200,OK,workLoadConfig 1-48,text,true,,1182,96,16,16,https://reqres.in/api/users/2,151,0,76
1708766170749,418,HTTP Request POST,201,Created,workLoadConfig 1-44,text,true,,905,189,20,20,https://reqres.in/api/users,418,0,0
1708766170680,441,HTTP Request POST,201,Created,workLoadConfig 1-43,text,true,,905,189,19,19,https://reqres.in/api/users,441,0,0
1708766170654,442,HTTP Request POST,201,Created,workLoadConfig 1-39,text,true,,905,189,19,19,https://reqres.in/api/users,442,0,0
1708766170662,434,HTTP Request POST,201,Created,workLoadConfig 1-42,text,true,,905,189,19,19,https://reqres.in/api/users,434,0,0
1708766170980,144,HTTP Request GET SINGLE USER,200,OK,workLoadConfig 1-52,text,true,,1182,96,19,19,https://reqres.in/api/users/2,144,0,77
1708766170927,162,HTTP Request GET SINGLE USER,200,OK,workLoadConfig 1-51,text,true,,1182,96,19,19,https://reqres.in/api/users/2,162,0,84
1708766170654,435,HTTP Request POST,201,Created,workLoadConfig 1-40,text,true,,905,189,19,19,https://reqres.in/api/users,435,0,0
1708766170939,137,HTTP Request GET SINGLE USER,200,OK,workLoadConfig 1-50,text,true,,1182,96,18,18,https://reqres.in/api/users/2,137,0,65
1708766170655,421,HTTP Request POST,201,Created,workLoadConfig 1-34,text,true,,905,189,18,18,https://reqres.in/api/users,421,0,0
1708766170654,422,HTTP Request POST,201,Created,workLoadConfig 1-41,text,true,,905,189,18,18,https://reqres.in/api/users,422,0,0
1708766170654,421,HTTP Request POST,201,Created,workLoadConfig 1-38,text,true,,905,189,18,18,https://reqres.in/api/users,421,0,0
1708766170655,418,HTTP Request POST,201,Created,workLoadConfig 1-37,text,true,,905,189,18,18,https://reqres.in/api/users,418,0,0
1708766170889,154,HTTP Request GET SINGLE USER,200,OK,workLoadConfig 1-49,text,true,,1182,96,18,18,https://reqres.in/api/users/2,154,0,79
1708766171034,145,HTTP Request GET SINGLE USER,200,OK,workLoadConfig 1-53,text,true,,1182,96,11,11,https://reqres.in/api/users/2,145,0,68
1708766170820,401,HTTP Request POST,201,Created,workLoadConfig 1-45,text,true,,905,189,12,12,https://reqres.in/api/users,401,0,0
1708766171090,138,HTTP Request GET SINGLE USER,200,OK,workLoadConfig 1-54,text,true,,1182,96,11,11,https://reqres.in/api/users/2,138,0,72
1708766170858,398,HTTP Request POST,201,Created,workLoadConfig 1-46,text,true,,905,189,11,11,https://reqres.in/api/users,398,0,0
1708766171140,134,HTTP Request GET SINGLE USER,200,OK,workLoadConfig 1-55,text,true,,1182,96,10,10,https://reqres.in/api/users/2,134,0,72
1708766170912,412,HTTP Request POST,201,Created,workLoadConfig 1-47,text,true,,904,189,11,11,https://reqres.in/api/users,412,0,0
1708766171193,133,HTTP Request GET SINGLE USER,200,OK,workLoadConfig 1-56,text,true,,1182,96,10,10,https://reqres.in/api/users/2,133,0,61
1708766170958,416,HTTP Request POST,201,Created,workLoadConfig 1-48,text,true,,905,189,11,11,https://reqres.in/api/users,416,0,0
1708766171287,167,HTTP Request GET SINGLE USER,200,OK,workLoadConfig 1-57,text,true,,1182,96,12,12,https://reqres.in/api/users/2,167,0,95
1708766171337,163,HTTP Request GET SINGLE USER,200,OK,workLoadConfig 1-58,text,true,,1182,96,13,13,https://reqres.in/api/users/2,163,0,79
1708766171228,423,HTTP Request POST,201,Created,workLoadConfig 1-54,text,true,,892,189,16,16,https://reqres.in/api/users,423,0,0
1708766171481,145,HTTP Request GET SINGLE USER,200,OK,workLoadConfig 1-61,text,true,,1182,96,15,15,https://reqres.in/api/users/2,145,0,72
1708766171175,443,HTTP Request POST,201,Created,workLoadConfig 1-50,text,true,,905,189,15,15,https://reqres.in/api/users,443,0,0
1708766171180,429,HTTP Request POST,201,Created,workLoadConfig 1-53,text,true,,905,189,15,15,https://reqres.in/api/users,428,0,0
1708766171175,433,HTTP Request POST,201,Created,workLoadConfig 1-51,text,true,,905,189,15,15,https://reqres.in/api/users,433,0,0
1708766171175,432,HTTP Request POST,201,Created,workLoadConfig 1-52,text,true,,905,189,15,15,https://reqres.in/api/users,432,0,0
1708766171435,149,HTTP Request GET SINGLE USER,200,OK,workLoadConfig 1-60,text,true,,1182,96,14,14,https://reqres.in/api/users/2,149,0,78
1708766171178,428,HTTP Request POST,201,Created,workLoadConfig 1-49,text,true,,905,189,15,15,https://reqres.in/api/users,428,0,0
1708766171385,137,HTTP Request GET SINGLE USER,200,OK,workLoadConfig 1-59,text,true,,1182,96,13,13,https://reqres.in/api/users/2,137,0,69
1708766171548,179,HTTP Request GET SINGLE USER,200,OK,workLoadConfig 1-62,text,true,,1182,96,11,11,https://reqres.in/api/users/2,179,0,106
1708766171274,465,HTTP Request POST,201,Created,workLoadConfig 1-55,text,true,,893,189,11,11,https://reqres.in/api/users,465,0,0
1708766171598,159,HTTP Request GET SINGLE USER,200,OK,workLoadConfig 1-63,text,true,,1182,96,11,11,https://reqres.in/api/users/2,159,0,81
1708766171327,433,HTTP Request POST,201,Created,workLoadConfig 1-56,text,true,,893,189,11,11,https://reqres.in/api/users,433,0,0
1708766171647,144,HTTP Request GET SINGLE USER,200,OK,workLoadConfig 1-64,text,true,,1182,96,10,10,https://reqres.in/api/users/2,144,0,66
1708766171696,149,HTTP Request GET SINGLE USER,200,OK,workLoadConfig 1-65,text,true,,1182,96,12,12,https://reqres.in/api/users/2,149,0,83
1708766171455,407,HTTP Request POST,201,Created,workLoadConfig 1-57,text,true,,892,189,12,12,https://reqres.in/api/users,407,0,0
1708766171745,174,HTTP Request GET SINGLE USER,200,OK,workLoadConfig 1-66,text,true,,1182,96,12,12,https://reqres.in/api/users/2,174,0,90
1708766171501,429,HTTP Request POST,201,Created,workLoadConfig 1-58,text,true,,893,189,12,12,https://reqres.in/api/users,429,0,0
1708766171795,146,HTTP Request GET SINGLE USER,200,OK,workLoadConfig 1-67,text,true,,1182,96,11,11,https://reqres.in/api/users/2,146,0,84
1708766171845,152,HTTP Request GET SINGLE USER,200,OK,workLoadConfig 1-68,text,true,,1182,96,13,13,https://reqres.in/api/users/2,152,0,81
1708766172217,164,HTTP Request GET SINGLE USER,200,OK,workLoadConfig 1-76,text,true,,1182,96,21,21,https://reqres.in/api/users/2,164,0,79
1708766171920,421,HTTP Request POST,201,Created,workLoadConfig 1-66,text,true,,893,189,20,20,https://reqres.in/api/users,421,0,0
1708766171941,403,HTTP Request POST,201,Created,workLoadConfig 1-67,text,true,,893,189,20,20,https://reqres.in/api/users,403,0,0
1708766172178,164,HTTP Request GET SINGLE USER,200,OK,workLoadConfig 1-75,text,true,,1182,96,20,20,https://reqres.in/api/users/2,164,0,78
1708766172130,155,HTTP Request GET SINGLE USER,200,OK,workLoadConfig 1-74,text,true,,1182,96,19,19,https://reqres.in/api/users/2,155,0,91
1708766171846,397,HTTP Request POST,201,Created,workLoadConfig 1-65,text,true,,893,189,18,18,https://reqres.in/api/users,397,0,0
1708766172093,141,HTTP Request GET SINGLE USER,200,OK,workLoadConfig 1-73,text,true,,1182,96,18,18,https://reqres.in/api/users/2,141,0,78
1708766171792,423,HTTP Request POST,201,Created,workLoadConfig 1-64,text,true,,893,189,17,17,https://reqres.in/api/users,423,0,0
1708766171757,424,HTTP Request POST,201,Created,workLoadConfig 1-63,text,true,,893,189,17,17,https://reqres.in/api/users,424,0,0
1708766172044,136,HTTP Request GET SINGLE USER,200,OK,workLoadConfig 1-72,text,true,,1182,96,17,17,https://reqres.in/api/users/2,136,0,80
1708766171727,439,HTTP Request POST,201,Created,workLoadConfig 1-62,text,true,,893,189,16,16,https://reqres.in/api/users,439,0,0
1708766171716,437,HTTP Request POST,201,Created,workLoadConfig 1-59,text,true,,893,189,16,16,https://reqres.in/api/users,437,0,0
1708766171715,432,HTTP Request POST,201,Created,workLoadConfig 1-60,text,true,,893,189,16,16,https://reqres.in/api/users,432,0,0
1708766171713,430,HTTP Request POST,201,Created,workLoadConfig 1-61,text,true,,893,189,16,16,https://reqres.in/api/users,430,0,0
1708766171945,143,HTTP Request GET SINGLE USER,200,OK,workLoadConfig 1-70,text,true,,1182,96,14,14,https://reqres.in/api/users/2,143,0,80
1708766171942,122,HTTP Request GET SINGLE USER,200,OK,workLoadConfig 1-71,text,true,,1182,96,14,14,https://reqres.in/api/users/2,122,0,92
1708766171881,180,HTTP Request GET SINGLE USER,200,OK,workLoadConfig 1-69,text,true,,1182,96,14,14,https://reqres.in/api/users/2,180,0,84
1708766171998,405,HTTP Request POST,201,Created,workLoadConfig 1-68,text,true,,893,189,12,12,https://reqres.in/api/users,405,0,0
1708766172276,143,HTTP Request GET SINGLE USER,200,OK,workLoadConfig 1-77,text,true,,1182,96,11,11,https://reqres.in/api/users/2,143,0,71
1708766172291,140,HTTP Request GET SINGLE USER,200,OK,workLoadConfig 1-78,text,true,,1182,96,12,12,https://reqres.in/api/users/2,140,0,63
1708766172375,137,HTTP Request GET SINGLE USER,200,OK,workLoadConfig 1-79,text,true,,1182,96,13,13,https://reqres.in/api/users/2,137,0,73
1708766172575,130,HTTP Request GET SINGLE USER,200,OK,workLoadConfig 1-83,text,true,,1182,96,17,17,https://reqres.in/api/users/2,130,0,60
1708766172476,129,HTTP Request GET SINGLE USER,200,OK,workLoadConfig 1-81,text,true,,1182,96,15,15,https://reqres.in/api/users/2,129,0,69
1708766172526,133,HTTP Request GET SINGLE USER,200,OK,workLoadConfig 1-82,text,true,,1182,96,16,16,https://reqres.in/api/users/2,133,0,66
1708766172428,172,HTTP Request GET SINGLE USER,200,OK,workLoadConfig 1-80,text,true,,1182,96,15,15,https://reqres.in/api/users/2,172,0,104
1708766172626,133,HTTP Request GET SINGLE USER,200,OK,workLoadConfig 1-84,text,true,,1182,96,18,18,https://reqres.in/api/users/2,133,0,64
1708766172390,416,HTTP Request POST,201,Created,workLoadConfig 1-76,text,true,,893,189,19,19,https://reqres.in/api/users,416,0,0
1708766172396,416,HTTP Request POST,201,Created,workLoadConfig 1-70,text,true,,893,189,18,18,https://reqres.in/api/users,416,0,0
1708766172390,422,HTTP Request POST,201,Created,workLoadConfig 1-75,text,true,,893,189,18,18,https://reqres.in/api/users,422,0,0
1708766172397,417,HTTP Request POST,201,Created,workLoadConfig 1-71,text,true,,892,189,16,16,https://reqres.in/api/users,417,0,0
1708766172393,425,HTTP Request POST,201,Created,workLoadConfig 1-73,text,true,,893,189,15,15,https://reqres.in/api/users,425,0,0
1708766172394,437,HTTP Request POST,201,Created,workLoadConfig 1-72,text,true,,893,189,15,15,https://reqres.in/api/users,437,0,0
1708766172391,440,HTTP Request POST,201,Created,workLoadConfig 1-74,text,true,,893,189,15,15,https://reqres.in/api/users,440,0,0
1708766172674,157,HTTP Request GET SINGLE USER,200,OK,workLoadConfig 1-85,text,true,,1182,96,15,15,https://reqres.in/api/users/2,157,0,68
1708766172397,440,HTTP Request POST,201,Created,workLoadConfig 1-69,text,true,,893,189,13,13,https://reqres.in/api/users,440,0,0
1708766172431,407,HTTP Request POST,201,Created,workLoadConfig 1-78,text,true,,893,189,13,13,https://reqres.in/api/users,407,0,0
1708766172420,423,HTTP Request POST,201,Created,workLoadConfig 1-77,text,true,,892,189,11,11,https://reqres.in/api/users,422,0,0
1708766172723,148,HTTP Request GET SINGLE USER,200,OK,workLoadConfig 1-86,text,true,,1182,96,10,10,https://reqres.in/api/users/2,148,0,69
1708766172513,399,HTTP Request POST,201,Created,workLoadConfig 1-79,text,true,,893,189,11,11,https://reqres.in/api/users,399,0,0
1708766172791,123,HTTP Request GET SINGLE USER,200,OK,workLoadConfig 1-87,text,true,,1182,96,10,10,https://reqres.in/api/users/2,123,0,56
1708766173376,139,HTTP Request GET SINGLE USER,200,OK,workLoadConfig 1-99,text,true,,1182,96,22,22,https://reqres.in/api/users/2,139,0,76
1708766173238,156,HTTP Request GET SINGLE USER,200,OK,workLoadConfig 1-97,text,true,,1182,96,20,20,https://reqres.in/api/users/2,156,0,76
1708766173318,181,HTTP Request GET SINGLE USER,200,OK,workLoadConfig 1-98,text,true,,1182,96,22,22,https://reqres.in/api/users/2,181,0,97
1708766173219,160,HTTP Request GET SINGLE USER,200,OK,workLoadConfig 1-96,text,true,,1182,96,20,20,https://reqres.in/api/users/2,160,0,81
1708766172872,474,HTTP Request POST,201,Created,workLoadConfig 1-86,text,true,,893,189,19,19,https://reqres.in/api/users,474,0,0
1708766172915,417,HTTP Request POST,201,Created,workLoadConfig 1-87,text,true,,893,189,19,19,https://reqres.in/api/users,417,0,0
1708766173137,135,HTTP Request GET SINGLE USER,200,OK,workLoadConfig 1-95,text,true,,1182,96,18,18,https://reqres.in/api/users/2,135,0,73
1708766173129,138,HTTP Request GET SINGLE USER,200,OK,workLoadConfig 1-94,text,true,,1182,96,18,18,https://reqres.in/api/users/2,137,0,77
1708766172832,421,HTTP Request POST,201,Created,workLoadConfig 1-85,text,true,,893,189,18,18,https://reqres.in/api/users,421,0,0
1708766173070,169,HTTP Request GET SINGLE USER,200,OK,workLoadConfig 1-93,text,true,,1182,96,18,18,https://reqres.in/api/users/2,169,0,91
1708766172799,440,HTTP Request POST,201,Created,workLoadConfig 1-82,text,true,,893,189,18,18,https://reqres.in/api/users,440,0,0
1708766172799,410,HTTP Request POST,201,Created,workLoadConfig 1-80,text,true,,893,189,16,16,https://reqres.in/api/users,410,0,0
1708766172799,408,HTTP Request POST,201,Created,workLoadConfig 1-83,text,true,,893,189,16,16,https://reqres.in/api/users,408,0,0
1708766172800,399,HTTP Request POST,201,Created,workLoadConfig 1-84,text,true,,893,189,16,16,https://reqres.in/api/users,399,0,0
1708766172799,398,HTTP Request POST,201,Created,workLoadConfig 1-81,text,true,,893,189,16,16,https://reqres.in/api/users,398,0,0
1708766173022,146,HTTP Request GET SINGLE USER,200,OK,workLoadConfig 1-92,text,true,,1182,96,16,16,https://reqres.in/api/users/2,146,0,81
1708766173016,147,HTTP Request GET SINGLE USER,200,OK,workLoadConfig 1-91,text,true,,1182,96,16,16,https://reqres.in/api/users/2,147,0,84
1708766172926,175,HTTP Request GET SINGLE USER,200,OK,workLoadConfig 1-90,text,true,,1182,96,14,14,https://reqres.in/api/users/2,175,0,98
1708766172918,171,HTTP Request GET SINGLE USER,200,OK,workLoadConfig 1-89,text,true,,1182,96,14,14,https://reqres.in/api/users/2,171,0,97
1708766172822,226,HTTP Request GET SINGLE USER,200,OK,workLoadConfig 1-88,text,true,,1182,96,13,13,https://reqres.in/api/users/2,226,0,156
1708766173424,159,HTTP Request GET SINGLE USER,200,OK,workLoadConfig 1-100,text,true,,1182,96,16,16,https://reqres.in/api/users/2,159,0,89
1708766173485,150,HTTP Request GET SINGLE USER,200,OK,workLoadConfig 1-101,text,true,,1182,96,17,17,https://reqres.in/api/users/2,150,0,92
1708766173519,158,HTTP Request GET SINGLE USER,200,OK,workLoadConfig 1-102,text,true,,1182,96,17,17,https://reqres.in/api/users/2,158,0,99
1708766173568,132,HTTP Request GET SINGLE USER,200,OK,workLoadConfig 1-103,text,true,,1182,96,18,18,https://reqres.in/api/users/2,132,0,71
1708766173617,153,HTTP Request GET SINGLE USER,200,OK,workLoadConfig 1-104,text,true,,1182,96,20,20,https://reqres.in/api/users/2,153,0,80
1708766173682,121,HTTP Request GET SINGLE USER,200,OK,workLoadConfig 1-105,text,true,,1182,96,20,20,https://reqres.in/api/users/2,121,0,59
1708766173713,159,HTTP Request GET SINGLE USER,200,OK,workLoadConfig 1-106,text,true,,1182,96,22,22,https://reqres.in/api/users/2,159,0,83
1708766173765,176,HTTP Request GET SINGLE USER,200,OK,workLoadConfig 1-107,text,true,,1182,96,23,23,https://reqres.in/api/users/2,176,0,96
1708766173813,132,HTTP Request GET SINGLE USER,200,OK,workLoadConfig 1-108,text,true,,1182,96,23,23,https://reqres.in/api/users/2,132,0,67
1708766173547,410,HTTP Request POST,201,Created,workLoadConfig 1-90,text,true,,893,189,23,23,https://reqres.in/api/users,410,0,0
1708766173542,418,HTTP Request POST,201,Created,workLoadConfig 1-93,text,true,,893,189,22,22,https://reqres.in/api/users,418,0,0
1708766173541,421,HTTP Request POST,201,Created,workLoadConfig 1-95,text,true,,893,189,22,22,https://reqres.in/api/users,421,0,0
1708766173540,434,HTTP Request POST,201,Created,workLoadConfig 1-97,text,true,,893,189,21,21,https://reqres.in/api/users,434,0,0
1708766173548,427,HTTP Request POST,201,Created,workLoadConfig 1-88,text,true,,893,189,20,20,https://reqres.in/api/users,427,0,0
1708766173540,436,HTTP Request POST,201,Created,workLoadConfig 1-98,text,true,,893,189,20,20,https://reqres.in/api/users,436,0,0
1708766173546,431,HTTP Request POST,201,Created,workLoadConfig 1-92,text,true,,893,189,18,18,https://reqres.in/api/users,431,0,0
1708766173540,439,HTTP Request POST,201,Created,workLoadConfig 1-96,text,true,,893,189,17,17,https://reqres.in/api/users,439,0,0
1708766173540,438,HTTP Request POST,201,Created,workLoadConfig 1-99,text,true,,893,189,17,17,https://reqres.in/api/users,438,0,0
1708766173548,431,HTTP Request POST,201,Created,workLoadConfig 1-89,text,true,,893,189,17,17,https://reqres.in/api/users,431,0,0
1708766173583,397,HTTP Request POST,201,Created,workLoadConfig 1-100,text,true,,892,189,15,15,https://reqres.in/api/users,397,0,0
1708766173547,433,HTTP Request POST,201,Created,workLoadConfig 1-91,text,true,,893,189,15,15,https://reqres.in/api/users,433,0,0
1708766173542,450,HTTP Request POST,201,Created,workLoadConfig 1-94,text,true,,893,189,12,12,https://reqres.in/api/users,450,0,0
1708766173863,145,HTTP Request GET SINGLE USER,200,OK,workLoadConfig 1-109,text,true,,1182,96,11,11,https://reqres.in/api/users/2,145,0,63
1708766173911,103,HTTP Request GET SINGLE USER,200,OK,workLoadConfig 1-110,text,true,,1182,96,12,12,https://reqres.in/api/users/2,103,0,61
1708766174008,437,HTTP Request POST,201,Created,workLoadConfig 1-109,text,true,,893,189,20,20,https://reqres.in/api/users,437,0,0
1708766174257,144,HTTP Request GET SINGLE USER,200,OK,workLoadConfig 1-117,text,true,,1182,96,19,19,https://reqres.in/api/users/2,144,0,72
1708766174015,423,HTTP Request POST,201,Created,workLoadConfig 1-110,text,true,,893,189,20,20,https://reqres.in/api/users,423,0,0
1708766174179,170,HTTP Request GET SINGLE USER,200,OK,workLoadConfig 1-115,text,true,,1182,96,18,18,https://reqres.in/api/users/2,170,0,105
1708766173946,423,HTTP Request POST,201,Created,workLoadConfig 1-108,text,true,,893,189,19,19,https://reqres.in/api/users,423,0,0
1708766173941,401,HTTP Request POST,201,Created,workLoadConfig 1-107,text,true,,892,189,18,18,https://reqres.in/api/users,401,0,0
1708766174208,133,HTTP Request GET SINGLE USER,200,OK,workLoadConfig 1-116,text,true,,1182,96,18,18,https://reqres.in/api/users/2,133,0,74
1708766174111,172,HTTP Request GET SINGLE USER,200,OK,workLoadConfig 1-114,text,true,,1182,96,17,17,https://reqres.in/api/users/2,172,0,133
1708766173873,404,HTTP Request POST,201,Created,workLoadConfig 1-106,text,true,,893,189,17,17,https://reqres.in/api/users,404,0,0
1708766174066,174,HTTP Request GET SINGLE USER,200,OK,workLoadConfig 1-113,text,true,,1182,96,16,16,https://reqres.in/api/users/2,174,0,115
1708766173804,433,HTTP Request POST,201,Created,workLoadConfig 1-105,text,true,,893,189,16,16,https://reqres.in/api/users,433,0,0
1708766173771,427,HTTP Request POST,201,Created,workLoadConfig 1-104,text,true,,893,189,15,15,https://reqres.in/api/users,427,0,0
1708766174010,185,HTTP Request GET SINGLE USER,200,OK,workLoadConfig 1-112,text,true,,1182,96,15,15,https://reqres.in/api/users/2,185,0,112
1708766173963,173,HTTP Request GET SINGLE USER,200,OK,workLoadConfig 1-111,text,true,,1182,96,14,14,https://reqres.in/api/users/2,173,0,109
1708766173700,410,HTTP Request POST,201,Created,workLoadConfig 1-103,text,true,,893,189,13,13,https://reqres.in/api/users,409,0,0
1708766173678,402,HTTP Request POST,201,Created,workLoadConfig 1-102,text,true,,893,189,13,13,https://reqres.in/api/users,402,0,0
1708766173636,423,HTTP Request POST,201,Created,workLoadConfig 1-101,text,true,,893,189,12,12,https://reqres.in/api/users,423,0,0
1708766174307,160,HTTP Request GET SINGLE USER,200,OK,workLoadConfig 1-118,text,true,,1182,96,11,11,https://reqres.in/api/users/2,160,0,91
1708766174357,149,HTTP Request GET SINGLE USER,200,OK,workLoadConfig 1-119,text,true,,1182,96,12,12,https://reqres.in/api/users/2,149,0,77
1708766174852,133,HTTP Request GET SINGLE USER,200,OK,workLoadConfig 1-129,text,true,,1182,96,21,21,https://reqres.in/api/users/2,133,0,69
1708766174802,149,HTTP Request GET SINGLE USER,200,OK,workLoadConfig 1-128,text,true,,1182,96,20,20,https://reqres.in/api/users/2,149,0,66
1708766174461,439,HTTP Request POST,201,Created,workLoadConfig 1-111,text,true,,909,189,19,19,https://reqres.in/api/users,439,0,0
1708766174459,437,HTTP Request POST,201,Created,workLoadConfig 1-116,text,true,,909,189,19,19,https://reqres.in/api/users,437,0,0
1708766174507,413,HTTP Request POST,201,Created,workLoadConfig 1-119,text,true,,909,189,20,20,https://reqres.in/api/users,413,0,0
1708766174468,427,HTTP Request POST,201,Created,workLoadConfig 1-118,text,true,,909,189,19,19,https://reqres.in/api/users,427,0,0
1708766174753,137,HTTP Request GET SINGLE USER,200,OK,workLoadConfig 1-127,text,true,,1182,96,19,19,https://reqres.in/api/users/2,137,0,67
1708766174460,428,HTTP Request POST,201,Created,workLoadConfig 1-112,text,true,,909,189,19,19,https://reqres.in/api/users,428,0,0
1708766174460,420,HTTP Request POST,201,Created,workLoadConfig 1-113,text,true,,909,189,19,19,https://reqres.in/api/users,420,0,0
1708766174459,420,HTTP Request POST,201,Created,workLoadConfig 1-114,text,true,,909,189,19,19,https://reqres.in/api/users,420,0,0
1708766174458,419,HTTP Request POST,201,Created,workLoadConfig 1-115,text,true,,909,189,19,19,https://reqres.in/api/users,419,0,0
1708766174458,407,HTTP Request POST,201,Created,workLoadConfig 1-117,text,true,,909,189,19,19,https://reqres.in/api/users,407,0,0
1708766174703,151,HTTP Request GET SINGLE USER,200,OK,workLoadConfig 1-126,text,true,,1182,96,19,19,https://reqres.in/api/users/2,151,0,83
1708766174655,155,HTTP Request GET SINGLE USER,200,OK,workLoadConfig 1-125,text,true,,1182,96,18,18,https://reqres.in/api/users/2,155,0,78
1708766174605,141,HTTP Request GET SINGLE USER,200,OK,workLoadConfig 1-124,text,true,,1182,96,16,16,https://reqres.in/api/users/2,141,0,63
1708766174554,148,HTTP Request GET SINGLE USER,200,OK,workLoadConfig 1-123,text,true,,1182,96,16,16,https://reqres.in/api/users/2,148,0,62
1708766174508,132,HTTP Request GET SINGLE USER,200,OK,workLoadConfig 1-122,text,true,,1182,96,14,14,https://reqres.in/api/users/2,132,0,58
1708766174456,148,HTTP Request GET SINGLE USER,200,OK,workLoadConfig 1-121,text,true,,1182,96,13,13,https://reqres.in/api/users/2,148,0,74
1708766174406,153,HTTP Request GET SINGLE USER,200,OK,workLoadConfig 1-120,text,true,,1182,96,13,13,https://reqres.in/api/users/2,153,0,89
1708766175006,453,HTTP Request POST,201,Created,workLoadConfig 1-125,text,true,,909,189,22,22,https://reqres.in/api/users,453,0,0
1708766175347,128,HTTP Request GET SINGLE USER,200,OK,workLoadConfig 1-139,text,true,,1182,96,22,22,https://reqres.in/api/users/2,128,0,60
1708766175003,457,HTTP Request POST,201,Created,workLoadConfig 1-127,text,true,,909,189,22,22,https://reqres.in/api/users,457,0,0
1708766175297,158,HTTP Request GET SINGLE USER,200,OK,workLoadConfig 1-138,text,true,,1182,96,22,22,https://reqres.in/api/users/2,158,0,73
1708766175007,448,HTTP Request POST,201,Created,workLoadConfig 1-120,text,true,,909,189,22,22,https://reqres.in/api/users,448,0,0
1708766175006,447,HTTP Request POST,201,Created,workLoadConfig 1-126,text,true,,908,189,22,22,https://reqres.in/api/users,447,0,0
1708766175007,438,HTTP Request POST,201,Created,workLoadConfig 1-123,text,true,,909,189,22,22,https://reqres.in/api/users,438,0,0
1708766175007,437,HTTP Request POST,201,Created,workLoadConfig 1-122,text,true,,909,189,22,22,https://reqres.in/api/users,437,0,0
1708766175007,420,HTTP Request POST,201,Created,workLoadConfig 1-121,text,true,,909,189,21,21,https://reqres.in/api/users,420,0,0
1708766175006,420,HTTP Request POST,201,Created,workLoadConfig 1-124,text,true,,909,189,21,21,https://reqres.in/api/users,420,0,0
1708766175002,423,HTTP Request POST,201,Created,workLoadConfig 1-129,text,true,,909,189,21,21,https://reqres.in/api/users,423,0,0
1708766174999,417,HTTP Request GET SINGLE USER,200,OK,workLoadConfig 1-132,text,true,,1182,96,21,21,https://reqres.in/api/users/2,417,0,378
1708766175002,400,HTTP Request POST,201,Created,workLoadConfig 1-128,text,true,,909,189,21,21,https://reqres.in/api/users,400,0,0
1708766175247,149,HTTP Request GET SINGLE USER,200,OK,workLoadConfig 1-137,text,true,,1182,96,20,20,https://reqres.in/api/users/2,149,0,84
1708766175198,155,HTTP Request GET SINGLE USER,200,OK,workLoadConfig 1-136,text,true,,1182,96,20,20,https://reqres.in/api/users/2,155,0,91
1708766175148,177,HTTP Request GET SINGLE USER,200,OK,workLoadConfig 1-135,text,true,,1182,96,19,19,https://reqres.in/api/users/2,177,0,101
1708766175397,218,HTTP Request GET SINGLE USER,200,OK,workLoadConfig 1-140,text,true,,1182,96,15,15,https://reqres.in/api/users/2,218,0,134
1708766175100,170,HTTP Request GET SINGLE USER,200,OK,workLoadConfig 1-134,text,true,,1182,96,18,18,https://reqres.in/api/users/2,170,0,94
1708766175051,172,HTTP Request GET SINGLE USER,200,OK,workLoadConfig 1-133,text,true,,1182,96,17,17,https://reqres.in/api/users/2,172,0,92
1708766174951,152,HTTP Request GET SINGLE USER,200,OK,workLoadConfig 1-131,text,true,,1182,96,15,15,https://reqres.in/api/users/2,152,0,73
1708766174901,143,HTTP Request GET SINGLE USER,200,OK,workLoadConfig 1-130,text,true,,1182,96,13,13,https://reqres.in/api/users/2,143,0,67
1708766175445,185,HTTP Request GET SINGLE USER,200,OK,workLoadConfig 1-141,text,true,,1182,96,15,15,https://reqres.in/api/users/2,185,0,116
1708766175495,152,HTTP Request GET SINGLE USER,200,OK,workLoadConfig 1-142,text,true,,1182,96,16,16,https://reqres.in/api/users/2,152,0,76
1708766175592,143,HTTP Request GET SINGLE USER,200,OK,workLoadConfig 1-144,text,true,,1182,96,17,17,https://reqres.in/api/users/2,143,0,81
1708766175544,203,HTTP Request GET SINGLE USER,200,OK,workLoadConfig 1-143,text,true,,1182,96,17,17,https://reqres.in/api/users/2,203,0,71
1708766175645,137,HTTP Request GET SINGLE USER,200,OK,workLoadConfig 1-145,text,true,,1182,96,18,18,https://reqres.in/api/users/2,137,0,70
1708766175694,138,HTTP Request GET SINGLE USER,200,OK,workLoadConfig 1-146,text,true,,1182,96,19,19,https://reqres.in/api/users/2,138,0,65
1708766175769,156,HTTP Request GET SINGLE USER,200,OK,workLoadConfig 1-147,text,true,,1182,96,21,21,https://reqres.in/api/users/2,156,0,85
1708766175805,164,HTTP Request GET SINGLE USER,200,OK,workLoadConfig 1-148,text,true,,1182,96,22,22,https://reqres.in/api/users/2,163,0,91
1708766175855,150,HTTP Request GET SINGLE USER,200,OK,workLoadConfig 1-149,text,true,,1182,96,23,23,https://reqres.in/api/users/2,149,0,76
1708766175597,414,HTTP Request POST,201,Created,workLoadConfig 1-138,text,true,,893,189,23,23,https://reqres.in/api/users,414,0,0
1708766175616,402,HTTP Request POST,201,Created,workLoadConfig 1-140,text,true,,893,189,22,22,https://reqres.in/api/users,402,0,0
1708766175617,411,HTTP Request POST,201,Created,workLoadConfig 1-130,text,true,,893,189,21,21,https://reqres.in/api/users,411,0,0
1708766175616,413,HTTP Request POST,201,Created,workLoadConfig 1-133,text,true,,893,189,21,21,https://reqres.in/api/users,413,0,0
1708766175610,419,HTTP Request POST,201,Created,workLoadConfig 1-132,text,true,,893,189,21,21,https://reqres.in/api/users,419,0,0
1708766175597,433,HTTP Request POST,201,Created,workLoadConfig 1-139,text,true,,893,189,19,19,https://reqres.in/api/users,433,0,0
1708766175630,401,HTTP Request POST,201,Created,workLoadConfig 1-141,text,true,,893,189,17,17,https://reqres.in/api/users,401,0,0
1708766175614,428,HTTP Request POST,201,Created,workLoadConfig 1-136,text,true,,893,189,16,16,https://reqres.in/api/users,428,0,0
1708766175617,429,HTTP Request POST,201,Created,workLoadConfig 1-131,text,true,,893,189,15,15,https://reqres.in/api/users,429,0,0
1708766175616,430,HTTP Request POST,201,Created,workLoadConfig 1-134,text,true,,893,189,15,15,https://reqres.in/api/users,430,0,0
1708766176454,141,HTTP Request GET SINGLE USER,200,OK,workLoadConfig 1-161,text,true,,1182,96,24,24,https://reqres.in/api/users/2,141,0,79
1708766176354,143,HTTP Request GET SINGLE USER,200,OK,workLoadConfig 1-159,text,true,,1182,96,22,22,https://reqres.in/api/users/2,143,0,79
1708766176005,426,HTTP Request POST,201,Created,workLoadConfig 1-149,text,true,,893,189,21,21,https://reqres.in/api/users,426,0,0
1708766176404,165,HTTP Request GET SINGLE USER,200,OK,workLoadConfig 1-160,text,true,,1182,96,24,24,https://reqres.in/api/users/2,165,0,100
1708766176297,147,HTTP Request GET SINGLE USER,200,OK,workLoadConfig 1-158,text,true,,1182,96,21,21,https://reqres.in/api/users/2,147,0,76
1708766176254,139,HTTP Request GET SINGLE USER,200,OK,workLoadConfig 1-157,text,true,,1182,96,20,20,https://reqres.in/api/users/2,139,0,69
1708766175970,400,HTTP Request POST,201,Created,workLoadConfig 1-148,text,true,,893,189,20,20,https://reqres.in/api/users,400,0,0
1708766176205,158,HTTP Request GET SINGLE USER,200,OK,workLoadConfig 1-156,text,true,,1182,96,20,20,https://reqres.in/api/users/2,158,0,83
1708766175925,424,HTTP Request POST,201,Created,workLoadConfig 1-147,text,true,,893,189,19,19,https://reqres.in/api/users,424,0,0
1708766176154,140,HTTP Request GET SINGLE USER,200,OK,workLoadConfig 1-155,text,true,,1182,96,18,18,https://reqres.in/api/users/2,140,0,67
1708766176103,156,HTTP Request GET SINGLE USER,200,OK,workLoadConfig 1-154,text,true,,1182,96,18,18,https://reqres.in/api/users/2,156,0,82
1708766175832,417,HTTP Request POST,201,Created,workLoadConfig 1-146,text,true,,893,189,17,17,https://reqres.in/api/users,417,0,0
1708766176055,154,HTTP Request GET SINGLE USER,200,OK,workLoadConfig 1-153,text,true,,1182,96,17,17,https://reqres.in/api/users/2,154,0,77
1708766175783,409,HTTP Request POST,201,Created,workLoadConfig 1-145,text,true,,893,189,16,16,https://reqres.in/api/users,408,0,0
1708766176027,156,HTTP Request GET SINGLE USER,200,OK,workLoadConfig 1-152,text,true,,1182,96,16,16,https://reqres.in/api/users/2,156,0,92
1708766175749,423,HTTP Request POST,201,Created,workLoadConfig 1-143,text,true,,893,189,16,16,https://reqres.in/api/users,423,0,0
1708766175735,422,HTTP Request POST,201,Created,workLoadConfig 1-144,text,true,,893,189,16,16,https://reqres.in/api/users,422,0,0
1708766175954,171,HTTP Request GET SINGLE USER,200,OK,workLoadConfig 1-151,text,true,,1182,96,15,15,https://reqres.in/api/users/2,171,0,87
1708766175649,424,HTTP Request POST,201,Created,workLoadConfig 1-142,text,true,,893,189,14,14,https://reqres.in/api/users,424,0,0
1708766176506,142,HTTP Request GET SINGLE USER,200,OK,workLoadConfig 1-162,text,true,,1182,96,18,18,https://reqres.in/api/users/2,142,0,76
1708766175612,454,HTTP Request POST,201,Created,workLoadConfig 1-137,text,true,,893,189,14,14,https://reqres.in/api/users,454,0,0
1708766175614,450,HTTP Request POST,201,Created,workLoadConfig 1-135,text,true,,893,189,14,14,https://reqres.in/api/users,450,0,0
1708766175905,152,HTTP Request GET SINGLE USER,200,OK,workLoadConfig 1-150,text,true,,1182,96,14,14,https://reqres.in/api/users/2,152,0,79
1708766176556,149,HTTP Request GET SINGLE USER,200,OK,workLoadConfig 1-163,text,true,,1182,96,16,16,https://reqres.in/api/users/2,149,0,76
1708766176607,216,HTTP Request GET SINGLE USER,200,OK,workLoadConfig 1-164,text,true,,1182,96,19,19,https://reqres.in/api/users/2,216,0,76
1708766176657,276,HTTP Request GET SINGLE USER,200,OK,workLoadConfig 1-165,text,true,,1182,96,21,21,https://reqres.in/api/users/2,276,0,194
1708766176707,251,HTTP Request GET SINGLE USER,200,OK,workLoadConfig 1-166,text,true,,1182,96,22,22,https://reqres.in/api/users/2,251,0,179
1708766176757,208,HTTP Request GET SINGLE USER,200,OK,workLoadConfig 1-167,text,true,,1182,96,22,22,https://reqres.in/api/users/2,208,0,131
1708766176808,159,HTTP Request GET SINGLE USER,200,OK,workLoadConfig 1-168,text,true,,1182,96,22,22,https://reqres.in/api/users/2,159,0,81
1708766176850,147,HTTP Request GET SINGLE USER,200,OK,workLoadConfig 1-169,text,true,,1182,96,22,22,https://reqres.in/api/users/2,147,0,84
1708766177448,195,HTTP Request GET SINGLE USER,200,OK,workLoadConfig 1-181,text,true,,1182,96,35,35,https://reqres.in/api/users/2,195,0,124
1708766177499,200,HTTP Request GET SINGLE USER,200,OK,workLoadConfig 1-182,text,true,,1182,96,36,36,https://reqres.in/api/users/2,200,0,132
1708766177349,209,HTTP Request GET SINGLE USER,200,OK,workLoadConfig 1-179,text,true,,1182,96,34,34,https://reqres.in/api/users/2,209,0,100
1708766177399,174,HTTP Request GET SINGLE USER,200,OK,workLoadConfig 1-180,text,true,,1182,96,34,34,https://reqres.in/api/users/2,174,0,105
1708766177299,156,HTTP Request GET SINGLE USER,200,OK,workLoadConfig 1-178,text,true,,1182,96,32,32,https://reqres.in/api/users/2,156,0,61
1708766177250,164,HTTP Request GET SINGLE USER,200,OK,workLoadConfig 1-177,text,true,,1182,96,31,31,https://reqres.in/api/users/2,164,0,98
1708766176997,415,HTTP Request POST,201,Created,workLoadConfig 1-169,text,true,,893,189,31,31,https://reqres.in/api/users,415,0,0
1708766177199,189,HTTP Request GET SINGLE USER,200,OK,workLoadConfig 1-176,text,true,,1182,96,30,30,https://reqres.in/api/users/2,189,0,120
1708766176968,419,HTTP Request POST,201,Created,workLoadConfig 1-168,text,true,,893,189,30,30,https://reqres.in/api/users,419,0,0
1708766176965,421,HTTP Request POST,201,Created,workLoadConfig 1-167,text,true,,893,189,30,30,https://reqres.in/api/users,421,0,0
1708766176959,409,HTTP Request POST,201,Created,workLoadConfig 1-166,text,true,,893,189,30,30,https://reqres.in/api/users,409,0,0
1708766176934,408,HTTP Request POST,201,Created,workLoadConfig 1-165,text,true,,893,189,29,29,https://reqres.in/api/users,408,0,0
1708766177149,168,HTTP Request GET SINGLE USER,200,OK,workLoadConfig 1-175,text,true,,1182,96,29,29,https://reqres.in/api/users/2,168,0,91
1708766177099,184,HTTP Request GET SINGLE USER,200,OK,workLoadConfig 1-174,text,true,,1182,96,28,28,https://reqres.in/api/users/2,184,0,97
1708766177049,204,HTTP Request GET SINGLE USER,200,OK,workLoadConfig 1-173,text,true,,1182,96,28,28,https://reqres.in/api/users/2,204,0,89
1708766176826,427,HTTP Request POST,201,Created,workLoadConfig 1-164,text,true,,893,189,28,28,https://reqres.in/api/users,427,0,0
1708766176705,500,HTTP Request POST,201,Created,workLoadConfig 1-163,text,true,,893,189,27,27,https://reqres.in/api/users,500,0,0
1708766176999,174,HTTP Request GET SINGLE USER,200,OK,workLoadConfig 1-172,text,true,,1182,96,26,26,https://reqres.in/api/users/2,174,0,74
1708766176949,148,HTTP Request GET SINGLE USER,200,OK,workLoadConfig 1-171,text,true,,1182,96,24,24,https://reqres.in/api/users/2,148,0,72
1708766176899,189,HTTP Request GET SINGLE USER,200,OK,workLoadConfig 1-170,text,true,,1182,96,24,24,https://reqres.in/api/users/2,189,0,98
1708766176647,439,HTTP Request POST,201,Created,workLoadConfig 1-151,text,true,,893,189,24,24,https://reqres.in/api/users,439,0,0
1708766176645,437,HTTP Request POST,201,Created,workLoadConfig 1-153,text,true,,893,189,24,24,https://reqres.in/api/users,437,0,0
1708766177549,164,HTTP Request GET SINGLE USER,200,OK,workLoadConfig 1-183,text,true,,1182,96,29,29,https://reqres.in/api/users/2,164,0,91
1708766176642,440,HTTP Request POST,201,Created,workLoadConfig 1-161,text,true,,893,189,24,24,https://reqres.in/api/users,440,0,0
1708766176645,437,HTTP Request POST,201,Created,workLoadConfig 1-154,text,true,,892,189,24,24,https://reqres.in/api/users,437,0,0
1708766176643,437,HTTP Request POST,201,Created,workLoadConfig 1-157,text,true,,892,189,24,24,https://reqres.in/api/users,437,0,0
1708766176646,420,HTTP Request POST,201,Created,workLoadConfig 1-152,text,true,,893,189,24,24,https://reqres.in/api/users,420,0,0
1708766176644,421,HTTP Request POST,201,Created,workLoadConfig 1-155,text,true,,893,189,24,24,https://reqres.in/api/users,421,0,0
1708766176642,421,HTTP Request POST,201,Created,workLoadConfig 1-159,text,true,,892,189,24,24,https://reqres.in/api/users,421,0,0
1708766176651,412,HTTP Request POST,201,Created,workLoadConfig 1-150,text,true,,893,189,24,24,https://reqres.in/api/users,412,0,0
1708766176642,415,HTTP Request POST,201,Created,workLoadConfig 1-158,text,true,,893,189,24,24,https://reqres.in/api/users,415,0,0
1708766176649,406,HTTP Request POST,201,Created,workLoadConfig 1-162,text,true,,893,189,24,24,https://reqres.in/api/users,406,0,0
1708766176642,410,HTTP Request POST,201,Created,workLoadConfig 1-160,text,true,,892,189,24,24,https://reqres.in/api/users,410,0,0
1708766176643,405,HTTP Request POST,201,Created,workLoadConfig 1-156,text,true,,893,189,24,24,https://reqres.in/api/users,405,0,0
1708766177600,148,HTTP Request GET SINGLE USER,200,OK,workLoadConfig 1-184,text,true,,1182,96,17,17,https://reqres.in/api/users/2,148,0,75
1708766177650,163,HTTP Request GET SINGLE USER,200,OK,workLoadConfig 1-185,text,true,,1182,96,19,19,https://reqres.in/api/users/2,163,0,77
1708766177700,148,HTTP Request GET SINGLE USER,200,OK,workLoadConfig 1-186,text,true,,1182,96,20,20,https://reqres.in/api/users/2,148,0,88
1708766177755,169,HTTP Request GET SINGLE USER,200,OK,workLoadConfig 1-187,text,true,,1182,96,21,21,https://reqres.in/api/users/2,169,0,78
1708766177800,133,HTTP Request GET SINGLE USER,200,OK,workLoadConfig 1-188,text,true,,1182,96,21,21,https://reqres.in/api/users/2,133,0,73
1708766177849,131,HTTP Request GET SINGLE USER,200,OK,workLoadConfig 1-189,text,true,,1182,96,22,22,https://reqres.in/api/users/2,131,0,76
1708766177900,131,HTTP Request GET SINGLE USER,200,OK,workLoadConfig 1-190,text,true,,1182,96,23,23,https://reqres.in/api/users/2,131,0,60
1708766178398,135,HTTP Request GET SINGLE USER,200,OK,workLoadConfig 1-200,text,true,,1182,96,31,31,https://reqres.in/api/users/2,135,0,72
1708766178298,165,HTTP Request GET SINGLE USER,200,OK,workLoadConfig 1-198,text,true,,1182,96,31,31,https://reqres.in/api/users/2,165,0,78
1708766178349,165,HTTP Request GET SINGLE USER,200,OK,workLoadConfig 1-199,text,true,,1182,96,31,31,https://reqres.in/api/users/2,165,0,92
1708766178032,390,HTTP Request POST,201,Created,workLoadConfig 1-190,text,true,,893,189,31,31,https://reqres.in/api/users,390,0,0
1708766178248,163,HTTP Request GET SINGLE USER,200,OK,workLoadConfig 1-197,text,true,,1182,96,31,31,https://reqres.in/api/users/2,163,0,84
1708766177980,431,HTTP Request POST,201,Created,workLoadConfig 1-189,text,true,,893,189,31,31,https://reqres.in/api/users,431,0,0
1708766177934,437,HTTP Request POST,201,Created,workLoadConfig 1-188,text,true,,893,189,30,30,https://reqres.in/api/users,437,0,0
1708766177925,413,HTTP Request POST,201,Created,workLoadConfig 1-187,text,true,,893,189,29,29,https://reqres.in/api/users,413,0,0
1708766178199,135,HTTP Request GET SINGLE USER,200,OK,workLoadConfig 1-196,text,true,,1182,96,29,29,https://reqres.in/api/users/2,135,0,67
1708766178149,180,HTTP Request GET SINGLE USER,200,OK,workLoadConfig 1-195,text,true,,1182,96,29,29,https://reqres.in/api/users/2,180,0,75
1708766177849,397,HTTP Request POST,201,Created,workLoadConfig 1-186,text,true,,893,189,27,27,https://reqres.in/api/users,397,0,0
1708766177813,429,HTTP Request POST,201,Created,workLoadConfig 1-185,text,true,,893,189,27,27,https://reqres.in/api/users,429,0,0
1708766178100,129,HTTP Request GET SINGLE USER,200,OK,workLoadConfig 1-194,text,true,,1182,96,27,27,https://reqres.in/api/users/2,129,0,64
1708766178050,140,HTTP Request GET SINGLE USER,200,OK,workLoadConfig 1-193,text,true,,1182,96,26,26,https://reqres.in/api/users/2,140,0,76
1708766177749,439,HTTP Request POST,201,Created,workLoadConfig 1-184,text,true,,893,189,26,26,https://reqres.in/api/users,439,0,0
1708766177704,438,HTTP Request POST,201,Created,workLoadConfig 1-179,text,true,,893,189,25,25,https://reqres.in/api/users,438,0,0
1708766177709,432,HTTP Request POST,201,Created,workLoadConfig 1-174,text,true,,892,189,25,25,https://reqres.in/api/users,432,0,0
1708766177710,430,HTTP Request POST,201,Created,workLoadConfig 1-172,text,true,,893,189,25,25,https://reqres.in/api/users,430,0,0
1708766177709,429,HTTP Request POST,201,Created,workLoadConfig 1-173,text,true,,893,189,25,25,https://reqres.in/api/users,429,0,0
1708766178000,136,HTTP Request GET SINGLE USER,200,OK,workLoadConfig 1-192,text,true,,1182,96,25,25,https://reqres.in/api/users/2,136,0,71
1708766177711,424,HTTP Request POST,201,Created,workLoadConfig 1-170,text,true,,893,189,25,25,https://reqres.in/api/users,424,0,0
1708766177704,430,HTTP Request POST,201,Created,workLoadConfig 1-180,text,true,,893,189,25,25,https://reqres.in/api/users,430,0,0
1708766177714,414,HTTP Request POST,201,Created,workLoadConfig 1-183,text,true,,893,189,25,25,https://reqres.in/api/users,414,0,0
1708766177704,429,HTTP Request POST,201,Created,workLoadConfig 1-182,text,true,,893,189,25,25,https://reqres.in/api/users,429,0,0
1708766177708,408,HTTP Request POST,201,Created,workLoadConfig 1-175,text,true,,893,189,25,25,https://reqres.in/api/users,408,0,0
1708766177705,411,HTTP Request POST,201,Created,workLoadConfig 1-178,text,true,,891,189,25,25,https://reqres.in/api/users,411,0,0
1708766177705,413,HTTP Request POST,201,Created,workLoadConfig 1-177,text,true,,893,189,25,25,https://reqres.in/api/users,413,0,0
1708766177704,411,HTTP Request POST,201,Created,workLoadConfig 1-181,text,true,,892,189,25,25,https://reqres.in/api/users,411,0,0
1708766177710,414,HTTP Request POST,201,Created,workLoadConfig 1-171,text,true,,893,189,25,25,https://reqres.in/api/users,414,0,0
1708766177705,410,HTTP Request POST,201,Created,workLoadConfig 1-176,text,true,,892,189,25,25,https://reqres.in/api/users,410,0,0
1708766177949,122,HTTP Request GET SINGLE USER,200,OK,workLoadConfig 1-191,text,true,,1182,96,24,24,https://reqres.in/api/users/2,122,0,84
1708766178789,851,HTTP Request POST,201,Created,workLoadConfig 1-199,text,true,,896,189,10,10,https://reqres.in/api/users,851,0,0
1708766178799,840,HTTP Request POST,201,Created,workLoadConfig 1-191,text,true,,897,189,10,10,https://reqres.in/api/users,840,0,0
1708766178791,848,HTTP Request POST,201,Created,workLoadConfig 1-194,text,true,,897,189,10,10,https://reqres.in/api/users,848,0,0
1708766178789,850,HTTP Request POST,201,Created,workLoadConfig 1-197,text,true,,896,189,10,10,https://reqres.in/api/users,850,0,0
1708766178789,849,HTTP Request POST,201,Created,workLoadConfig 1-198,text,true,,897,189,10,10,https://reqres.in/api/users,849,0,0
1708766178794,845,HTTP Request POST,201,Created,workLoadConfig 1-192,text,true,,897,189,10,10,https://reqres.in/api/users,845,0,0
1708766178789,850,HTTP Request POST,201,Created,workLoadConfig 1-200,text,true,,897,189,10,10,https://reqres.in/api/users,850,0,0
1708766178791,848,HTTP Request POST,201,Created,workLoadConfig 1-195,text,true,,897,189,10,10,https://reqres.in/api/users,848,0,0
1708766178790,849,HTTP Request POST,201,Created,workLoadConfig 1-196,text,true,,897,189,10,10,https://reqres.in/api/users,849,0,0
1708766178792,846,HTTP Request POST,201,Created,workLoadConfig 1-193,text,true,,897,189,10,10,https://reqres.in/api/users,846,0,0
